"Date","PFE.log_returns","AAPL.log_returns","MSFT.log_returns","GOOG.log_returns","NVDA.log_returns","BRK.B.log_returns","JPM.log_returns","JNJ.log_returns","V.log_returns","UNH.log_returns","HD.log_returns","PG.log_returns","BAC.log_returns","DIS.log_returns","MA.log_returns","NFLX.log_returns","ADBE.log_returns","CRM.log_returns","CMCSA.log_returns","XOM.log_returns"
"2009-02-01",-0.169239019293024,-0.00913950264937746,-0.0571579443470496,-0.0015964150788319,0.0406708671089848,-0.153370347628115,-0.0979939014346587,-0.143061110693989,0.139012769394184,-0.365844258164304,-0.0301762607953449,-0.11647550252114,-0.510318830052304,-0.209575471186463,0.152675260618331,0.0027632592145368,-0.145214303675668,0.0509174022486818,-0.111377538389556,-0.118993643632768
"2009-03-01",0.122404697674744,0.162989183033934,0.135631714519876,0.0293585420343851,0.17464316776043,0.0951683967508519,0.151207740626238,0.0589514461753584,-0.0178153447371736,0.0631062453716464,0.120279710480521,-0.0226754094428205,0.546143490400522,0.0796297288968426,0.0580789179910295,0.169174492039143,0.247514729452173,0.156087564351828,0.0434520052701,0.0079679563296069
"2009-04-01",-0.0192740258664732,0.179829324649659,0.0979294188815536,0.128963578937395,0.152120487586933,0.0833106449375682,0.216348275185998,-0.00457322341702548,0.15558787080927,0.118128921169366,0.123197918081285,0.0486992321546902,0.272300642535602,0.187265312549592,0.0910780992479783,0.0541897168391838,0.245793048255816,0.268479677708566,0.125249256224252,-0.0212223507545306
"2009-05-01",0.128372561402042,0.076324921951586,0.030622306780185,0.0522991797413219,-0.0959202549213022,-0.030812453190487,0.113482763936936,0.0520954712760693,0.0414631324233818,0.123060228454861,-0.12790250709059,0.0579312149128581,0.232728033148811,0.100692226748966,-0.0386791002359836,-0.139254323841502,0.0298959744843557,-0.120502228290153,-0.111063138672249,0.0394109917892362
"2009-06-01",-0.00131991192418157,0.0475938462403878,0.135484236770789,0.0103956512145857,0.079231083204482,-0.0259046608417375,-0.0786212152962626,0.0381071249734015,-0.0823040212516699,-0.0628356519442086,0.0200905640126421,-0.016304227939,0.158072577795485,-0.0374386457019811,-0.0525088088562278,0.0475570992796674,0.00424926039014961,0.00578029484064979,0.0488939936244897,0.0139925063214159
"2009-07-01",0.0601538758807569,0.137289048484575,-0.0105731456872293,0.049649414795077,0.135633144773403,0.0937079838219796,0.124956248970315,0.0695328886041264,0.0501203007222011,0.116269842196657,0.102472540542863,0.0827786920051516,0.114610837238891,0.0739240985255174,0.148164330759994,0.0609945781561385,0.135913682138158,0.127026180842836,0.0272869480713169,0.00684251682205828
"2009-08-01",0.0472050835830622,0.0290732044196105,0.0469259837748401,0.0411676013416202,0.11597647638282,0.0326326114574425,0.118761692800406,-0.00741808358974572,0.0826482923264731,-0.00214070878864892,0.050734047340208,-0.0175834193037785,0.173379352275222,0.0359694818355814,0.0443005075535208,-0.00708008927510018,-0.0313308245726867,0.17966456814222,0.0353937779180242,-0.0177729221403622
"2009-09-01",0.00098356930488297,0.0970327275426603,0.0480990947836912,0.0714231713303652,0.0345214187804428,0.0111969374074645,0.00824881429532276,0.0154896345464919,-0.0268570569211675,-0.111729745008957,-0.0241065845521504,0.0680438199409821,-0.0388341909215573,0.053096667008294,-0.00237142765864284,0.0565852065001662,0.0502743411067703,0.0930818805523841,0.0969704738473722,-0.00175033370568567
"2009-10-01",0.0285902849989306,0.0168518613661586,0.0752458701482257,0.0780845679457678,-0.228480757922682,-0.0121102813035634,-0.0479120528289658,-0.030684208677989,0.0918713352754215,0.0356968503386734,-0.0516652518454772,0.00138014865692648,-0.148237935360144,-0.00328289603107734,0.0801531651719132,0.146416399951253,-0.00303129330362939,-0.00316679196202285,-0.151980928326563,0.0436340724371944
"2009-11-01",0.0647949741442582,0.0587696405673181,0.0588197470261771,0.0838291067578525,0.0879864506347812,0.0210977367845153,0.0183001366376003,0.0622070984693206,0.0668788301575627,0.0996798016599105,0.0866126356016399,0.0799186000904575,0.0835188450023359,0.0990563867666534,0.0958000634869145,0.0924999057890048,0.0629435366417099,0.0993867659950984,0.0154461308044933,0.0463489293115962
"2009-12-01",0.0106187096544041,0.0527104234909701,0.040146478816061,0.0615000667360071,0.357899330760851,-0.0201843928884164,-0.0194871407117554,0.0325570018744252,0.0782803690342684,0.0612194379714324,0.0557970373472938,-0.0279736741257408,-0.0511271615099127,0.0650142203988175,0.0608837907809301,-0.0622783159848286,0.0473229662863335,0.162909677034196,0.139821198590024,-0.0903195095306004
"2010-01-01",0.025510389817458,-0.0927698277116822,-0.0784580587019841,-0.156923395500138,-0.193735407959119,0.150971981504303,-0.0677596771758728,-0.0243588626520115,-0.064096765575143,0.0794366437077976,-0.0240598414211779,0.015059934019348,0.0085655629992285,-0.0759683279891816,-0.0240387081365081,0.122190277121325,-0.129886979378662,-0.149125113760685,-0.0630374623603187,-0.0567188116589419
"2010-02-01",-0.0613282251470042,0.0633466415482229,0.0172386145675243,-0.00594283438235221,0.0512933146437178,0.0472749882657313,0.0761338444004989,0.00222468300555967,0.03885516535893,0.0257270496778883,0.107856416288008,0.0348740654061075,0.0930316089678271,0.0556155840844732,-0.107178662357001,0.0592535020368397,0.0702305630646265,0.0669451100552152,0.0434614612393625,0.00880755637336339
"2010-03-01",-0.0136565605488217,0.138430838508041,0.0260600854238104,0.073749975485276,0.0714590502454739,0.0141266219457714,0.0641360601145755,0.0419469052159211,0.066751100407211,-0.0357774655868841,0.0361958054518565,-0.000158030561673961,0.0689936310053016,0.111074037969456,0.124037778593999,0.110133400667787,0.0205662033462297,0.0913556224539778,0.135733740657615,0.0365096993354137
"2010-04-01",-0.0253923125128104,0.105279571208829,0.0417917754282739,-0.0758402258735589,-0.102172631736376,-0.0539714816054904,-0.0497069349201098,-0.01389983109368,-0.00882703976615717,-0.0749795562340267,0.0926956606995017,-0.0176993752886641,-0.000513902788279452,0.0538108967743183,-0.0237437124718416,0.29356380014549,-0.0513379514629557,0.139557547182694,0.0487143891319242,0.0117254490354939
"2010-05-01",-0.0933386493983801,-0.0162562546425669,-0.168663345354082,-0.0792837276224634,-0.178636579152984,-0.0874837002981961,-0.0719424173205061,-0.0979573306233572,-0.219327309810922,-0.0408523487802439,-0.0396635542967232,-0.00969725180105563,-0.124677039822807,-0.0974298316437849,-0.205881833017463,0.116771408583129,-0.046293181480018,0.0108058951893568,-0.0837565714017456,-0.114137595590845
"2010-06-01",-0.0553248915631306,-0.0210464893100544,-0.109943165674189,-0.0874851383076782,-0.252293505583609,0.121822416490462,-0.0780027937118564,0.0220441459368441,-0.0223956026610899,-0.0233173011042562,-0.187533216197919,-0.0183367874023292,-0.0910627465338467,-0.0591668336852962,-0.0111640266082405,-0.0227488471963797,-0.193733099913311,-0.00823908450398481,-0.0406145124808481,-0.0509353881906836
"2010-07-01",0.0505913141371264,0.0224862703172697,0.114833279029035,0.0858776762332569,-0.105251744759316,-0.0198979968789725,0.095533836338765,-0.0165603982517206,0.0360902065885185,0.0738847739813697,0.022548026988487,0.0194823254912633,-0.0225843963757568,0.0672135633371989,0.0513332817451437,-0.0577812798219033,0.0830939801089881,0.142362565199781,0.114130105403466,0.0447184558213767
"2010-08-01",0.0588981422470605,-0.0565757649137888,-0.0950393651143178,-0.0745474550992054,0.0151194570985105,0.00841300088069286,-0.101019163196804,-0.0185912842512614,-0.0614263761706946,0.040861472226307,-0.0244995053096742,-0.0168684854642409,-0.119386984904794,-0.0347310900967259,-0.0564620798304456,0.20211466878779,-0.0361612795355204,0.104774195023715,-0.124426578857903,-0.00959652863272753
"2010-09-01",0.087292383334336,0.154620782183342,0.0478622467152738,0.155609795066153,0.224642688391024,0.0483185964569435,0.0456948624529665,0.0924735056232162,0.075418270774684,0.101538761804233,0.138397478249758,0.00501495101294402,0.0500889246423206,0.0170630873150226,0.121562171125968,0.256118373935483,-0.0575832648130539,0.0173227517867032,0.0557276902656494,0.0514715505430718
"2010-10-01",0.0144553275931045,0.0589503989188827,0.0852745964337607,0.154604299601001,0.0286939337950375,-0.0384663152051967,-0.0113624156707073,0.0283231296151545,0.0511851667956758,0.03010189579101,-0.0249293276762592,0.0582973431053562,-0.133819572096327,0.0875903169024981,0.0692432581820701,0.0679974403049965,0.0736981651111979,0.0374818667337125,0.131939886015934,0.0733097611094524
"2010-11-01",-0.0664536204390722,0.0332312903885748,-0.0543173848277068,-0.0992596130904215,0.124233087390933,0.0015071938069422,-0.00484167616246634,-0.0349627692825414,-0.0567214909386102,0.0129533898558325,-0.0225832241219748,-0.0324627860844346,-0.0446502895688909,0.010462846292568,-0.0120308036785066,0.17080967067328,-0.0125113477816514,0.181861969757387,-0.023670905282358,0.0451380343602437
"2010-12-01",0.081892972775083,0.0360140823283595,0.105888528622124,0.0665822621240189,0.123562603960635,0.00538208073958391,0.125949070164499,0.0134311347883092,-0.0461249332750211,-0.0112904224920136,0.156607266293765,0.0520057878222091,0.197427708692947,0.027021459119382,-0.0560494898639621,-0.158612601790001,0.101829157466178,-0.0532535019223088,0.0919475890793753,0.0561890736096213
"2011-01-01",0.0397476073925995,0.0506540655279877,-0.00647029837491031,0.0107006945158403,0.440347132830385,0.020265111931419,0.0577081437355735,-0.0342081340833591,-0.00755879379853752,0.131511635453956,0.0476218750763659,-0.018830357911142,0.0297295566469922,0.0464934638590626,0.053853842207483,0.197571766192435,0.0711563924943901,-0.021904840114328,0.0348875815913541,0.0983885772415611
"2011-02-01",0.0544715175237491,0.04011952803967,-0.0423555827615116,0.0214876957655843,-0.0541134305427242,0.0654555177613947,0.03934985233087,0.0275573424239042,0.0447941212254368,0.0365936223811416,0.0188579396943327,0.00611831273388885,0.0399771484399922,0.118040147287788,0.0176305531425909,-0.0352264394831958,0.0429377808240203,0.0239482378669704,0.12859130079461,0.0583770558904493
"2011-03-01",0.0645824352330715,-0.0133958637172822,-0.0399106404188592,-0.0444013888864108,-0.204995440787052,-0.0427190529873904,-0.0127169881119902,-0.027292262441851,0.00978586180811147,0.0597126640527765,-0.0110022720879646,-0.0232662294694075,-0.0695430485315893,-0.0149719393861156,0.0453477654831311,0.140222518153391,-0.0396149983717851,0.00985524266602766,-0.0412104469415229,-0.0112477325434814
"2011-04-01",0.0319792161566497,0.00463739626468351,0.0206595007751491,-0.0754827386764494,0.0801268643088808,-0.00395368874282287,-0.0102476368339435,0.103637663320575,0.0593293988240085,0.0882797026630517,0.00922904960972026,0.05218570099027,-0.0813268626307369,0.000231912101226417,0.0916847315562883,-0.021724722484227,0.0116925150117901,0.0368915677876704,0.0585283188484849,0.0447462174530537
"2011-05-01",0.0226319460534437,-0.006590719756979,-0.0357387453308831,-0.0281068174609045,0.00199762226650901,-0.0521150535852728,-0.0483911514645099,0.02360820201236,0.0369438276453389,-0.0057039364458813,-0.0236970237247491,0.0401037757856191,-0.0441194358338195,-0.034701829521953,0.040224880749518,0.151759419538084,0.0316835485806504,0.0939974190078288,-0.0332183625443498,-0.0526224703503986
"2011-06-01",-0.0307994917486281,-0.0355851935909377,0.0453538303278767,-0.0437389549031413,-0.228898574227898,-0.0214759668276017,-0.0546583906588665,-0.00287337140726684,0.0405799473797077,0.0523347988204454,-0.00165526623846457,-0.0525508239576196,-0.0696001124803383,-0.06423433580682,0.0485829281172192,-0.0304059568469683,-0.0963213818527144,-0.021777509730494,0.00395392265245853,-0.0197022138118612
"2011-07-01",-0.067780046419966,0.151247949623694,0.0524464225639774,0.175773487949587,-0.141991620875718,-0.0424978343344717,-0.0120405377808304,-0.026351246925024,0.0150771657798585,-0.0352329424157376,-0.0287770191189547,-0.033267230733057,-0.120244779059997,-0.0108160664223349,0.00631829198069811,0.0124840675737339,-0.12660568156997,-0.0290802539248229,-0.0534970602037981,-0.0197309734685747
"2011-08-01",-0.0141256923808615,-0.0145750685953114,-0.0296318717236597,-0.109715441380961,-0.0383245799951548,-0.0159002899128069,-0.0680018860355509,0.0154685544103268,0.0269878246043276,-0.0434448321987229,-0.0453888800442672,0.0431550905629989,-0.172687606326522,-0.125646922148658,0.08413049706822,-0.123830603746122,-0.0933632972304914,-0.116859246601378,-0.105899996903874,-0.0750633761902453
"2011-09-01",-0.0598649494789774,-0.00916257075938143,-0.0601532939929603,-0.0491007768182881,-0.0619873639080533,-0.0272163295769854,-0.22075036597117,-0.0237230057403162,-0.0231369829548833,-0.0299037344305502,-0.00801457986201015,-0.00788319856340047,-0.287674594446464,-0.121607052051877,-0.0388068764729872,-0.729853689195251,-0.043317830732847,-0.119220972862959,-0.0278120072192385,-0.0123749775020969
"2011-10-01",0.0855964754546661,0.0597049033124817,0.0675723542389357,0.140342491508516,0.168099050427296,0.0916692384499944,0.143277676160137,0.0109311951052393,0.0843054540107402,0.043206562366096,0.0853875307651091,0.0127393536256668,0.109762652482993,0.14539706034855,0.0906100916972545,-0.322080036075334,0.196222549505657,0.152974927083414,0.114164728633093,0.0724838539993633
"2011-11-01",0.0411955726923958,-0.0573998415178392,-0.0402279553726248,0.0113253760710714,0.054564869013785,0.0114929308728167,-0.106684077319244,0.00511165882421549,0.0390104180584729,0.0161227348501845,0.0912391500538177,0.0171424197119738,-0.227545480417805,0.0274298175948129,0.0761964947759854,-0.240564180101778,-0.0700620704610162,-0.117388882123047,-0.0284118153826682,0.0296498809437682
"2011-12-01",0.0853325530997693,0.0579432832519249,0.022248400573853,0.0747321737442768,-0.120185051665493,-0.0317323026069802,0.0710360199235591,0.0224381071291337,0.0482555384774317,0.038415794937896,0.0772400989242672,0.0326052640781236,0.0237894926409996,0.0449974882215987,-0.00462939916813365,0.0711703998823712,0.0305285109814708,-0.154572988526239,0.0448542165489658,0.0582530488409763
"2012-01-01",-0.0111526639560089,0.119657668590152,0.128849765725246,-0.107426885732945,0.0635910978069452,0.026768257823881,0.11493826514434,0.0050195127225976,-0.00880453989169006,0.0250510284662346,0.0543923078112942,-0.0565854468565909,0.248713049921554,0.0533064632926985,-0.0473736178156803,0.55085647465017,0.0905718358832552,0.140798473407176,0.119015416625686,-0.0121072457234397
"2012-02-01",-0.0126971983020914,0.172532794424964,0.0721709714557552,0.0636751872920418,0.0254023287420411,0.00102020416724979,0.0578762265048756,-0.0126725089888309,0.145225090491701,0.073680690150971,0.0691882643814532,0.0780891496561247,0.111373325455999,0.0764373656232999,0.166953645577347,-0.0820622440976138,0.0607956178622917,0.20349981495617,0.101175844801176,0.0324275969688008
"2012-03-01",0.0797996610526108,0.100101371970314,0.0228118993952928,0.0365108623712178,0.0163670966062521,0.0338378724854236,0.158509808861865,0.0222250397280441,0.0158208007619489,0.0556424666657094,0.0560015110922216,-0.00608151266046741,0.184180807175282,0.0417451928984032,0.00128479596550646,0.0381851341602055,0.0422682552527216,0.0762958721318077,0.0201957282520042,0.00811412923200461
"2012-04-01",0.0109773096263366,-0.0263120834031012,-0.00746708101008231,-0.0584233242803376,-0.169418205939414,-0.0086634772589953,-0.067471615096915,-0.0131241063210688,0.0413372194603681,-0.045565294847238,0.0351313213973032,-0.0545801293678925,-0.165535294016275,-0.0154218084460664,0.0727397835701211,-0.361504832819121,-0.0224000562190079,0.00786492746202594,0.0112661596600563,-0.00450675312194893
"2012-05-01",-0.0460215762511091,-0.0107599665338611,-0.0925348474978804,-0.0404707273151703,-0.0448367186212424,-0.0136413648372562,-0.25316799118474,-0.0418783286430706,-0.0653520656377036,-0.00679050944247761,-0.0484621132914222,-0.0130176297919071,-0.0983975328881523,0.0585619730354296,-0.105985669845395,-0.233680560077715,-0.0774380568691506,-0.1163873698068,-0.0431625279716217,-0.0935397911380975
"2012-06-01",0.0602402424259112,0.0107935460580357,0.0533874421672267,-0.00136097530466373,0.106004099796635,0.0488141797001109,0.0749480607767143,0.08865785883496,0.0725118408321124,0.0477905180237617,0.0772514725833688,-0.0168372464908764,0.108336753224423,0.0592467912369958,0.0564322439901854,0.0765932063295871,0.0416332511329114,-0.0026004104789572,0.100610263915763,0.0914469082056653
"2012-07-01",0.0442245538587929,0.0448034658636018,-0.0373004315946424,0.0872742240885311,-0.0204684573385134,0.0179584361639389,0.00752850205095434,0.0242740389219072,0.0430617595373386,-0.131748759331772,-0.0154042688454621,0.0523215121910581,-0.108353227801985,0.0131095038272244,0.0149077914235773,-0.186271404385408,-0.0471233369617523,-0.105955340687942,0.023244669131778,0.0148474761382449
"2012-08-01",-0.00751567523239238,0.0854440864133919,0.0447910552157134,0.0791272787478903,0.0355495394909391,-0.00591088163396591,0.0394788128067933,-0.0261999959095882,-0.00637344626911096,0.0609358968840343,0.0839565360864039,0.0488761752097893,0.0848519324003512,0.00669314758390671,-0.0311333443683495,0.0492507294295126,0.0125504881294907,0.154793711308972,0.0296629205225192,0.00516790782039056
"2012-09-01",0.0498478807089273,0.00707595839138708,-0.0283956114299189,0.0965050121979654,-0.0504308753357969,0.0447507235146931,0.0861136624569014,0.0307574050479533,0.0476408875573955,0.0202356510127215,0.0669671693169294,0.031785743542903,0.099964179103563,0.0552474409473502,0.065395346634491,-0.0925678606355684,0.036733000805131,0.0504354367772537,0.0638300598961381,0.0529197814185229
"2012-10-01",0.000804687936847959,-0.113840799363765,-0.0418586222988848,-0.103521346609477,-0.107528468997429,-0.0211981414904905,0.0292136784800041,0.0273397166074654,0.0328181938789029,0.014633833538594,0.0165916067190155,-0.00173154096313111,0.0552584116930368,-0.0623475694784505,0.0207145839984397,0.375381998519122,0.0478502657274822,-0.0449401414286745,0.0488702955056386,-0.00306652782157535
"2012-11-01",0.00601281052119207,-0.0170087052478149,-0.0696436567098719,0.026215097332364,-0.000835044566513954,0.019836726281139,-0.0071416532256352,-0.0155106820119055,0.0759547859878063,-0.029171340962864,0.0583796871130784,0.0166633891882544,0.0563238461677575,0.0109333367373003,0.059094177511787,0.0306952106635672,0.0169002226409427,0.0770346328801357,-0.00426081898517516,-0.0337994328999089
"2012-12-01",0.0113386055565208,-0.0905703339774928,0.0115584448788719,0.0128189695645688,0.0303693876012954,0.018225221839959,0.0679857727807605,0.0140963998273187,0.014732574660957,-0.0027618407163148,-0.0462574206054338,-0.028175166832511,0.163380663113212,0.00261445203283595,0.00530587071695665,0.125004771472938,0.0849867825249326,0.0640548470872258,0.00429151799671867,-0.011962655771792
"2013-01-01",0.0840830580351453,-0.155589160000096,0.0273281570498418,0.0660632079652776,0,0.077518336610007,0.0677036357114291,0.0530605174495422,0.0409116498228768,0.0217038168001009,0.0787859144267831,0.101731023303685,-0.0242864526656175,0.0941848286749756,0.053733414488399,0.57921780722135,0.00397302923981568,0.0236909569270116,0.0235052076420956,0.0387538917072767
"2013-02-01",0.0119960285435114,-0.031422424289715,0.0126700490110996,0.0584793510794506,0.0321052709465921,0.0525511759181549,0.0458213752528169,0.0291962516365656,0.00461204911162172,-0.0323975324980093,0.0233358983980283,0.0215543541702203,-0.00798203201193592,0.0130913328371265,-0.000532389152960722,0.129468379032329,0.038376487321548,-0.0170503829403592,0.0439262995170977,-0.0046793546761581
"2013-03-01",0.0530085098714124,0.008661810429623,0.0369654844491865,-0.00878784178389269,0.0194551862083303,0.0197718524606776,-0.0302992135832829,0.0767587569488573,0.0703266146453227,0.0679823322715376,0.0185136491645626,0.0114851475920812,0.0821054071635881,0.0396855161370091,0.0440319396993876,0.00636007082679324,0.101741638697483,0.0552359934289655,0.0535779171341439,0.0126028249148167
"2013-04-01",0.00725040147910283,0.000271036319514639,0.145776855476915,0.0375393327082203,0.0707061683251533,0.0201413115028748,0.0321371548635856,0.0443822334374202,-0.00815887437848728,0.0503222491964368,0.055378548081138,-0.00377034824342903,0.010616696387078,0.101055563793531,0.021571568980022,0.132375020239221,0.0352181167233159,-0.083889867262557,-0.0163309210743052,-0.0125073211015527
"2013-05-01",-0.0653872262442605,0.0155744494978132,0.0529537724286535,0.0550324391129045,0.0495851916455117,0.070358880829831,0.114059940053351,-0.0123959105770286,0.0558715564757248,0.0440671808629594,0.0698922351752316,0.00718974302177511,0.104059674549101,0.00381193689365666,0.0319674799421454,0.0460381788340989,-0.0493338343420344,0.0292446820329202,-0.0230861492681012,0.0164940143397256
"2013-06-01",0.0365437906715647,-0.119298555644838,-0.00338118939273579,0.0104477434042827,-0.0251003913393011,-0.0190279783676317,-0.0335292305258355,0.0272495948496703,0.0273810942036081,0.044500377361179,-0.01524385227175,0.00299218052914352,-0.0603499963060385,0.00110902513135436,0.00742511672254142,-0.069356058656532,0.0599252732740179,-0.103184271498816,0.0385792321352869,0.00556643564123238
"2013-07-01",0.042634290115187,0.132102406082764,-0.0813945933339242,0.00834790559898702,0.0280914224299276,0.0346845827161291,0.0541964453590174,0.0852434149985388,-0.0319127873799241,0.111053927420837,0.0248803358280734,0.0420941778221398,0.127648657672053,0.0234753321190713,0.0609584570582569,0.146848882790704,0.0370571785577956,0.136179786512942,0.0767390287844574,0.0369410364073799
"2013-08-01",-0.0273973568884762,0.0738621688464702,0.0478323530608344,-0.0471074867303494,0.0212411358898283,-0.0409586639779764,-0.0906855298346469,-0.0788579387687172,-0.0147399845580876,-0.0153536474408069,-0.0591627327372777,-0.0230097299111858,-0.0334292259907798,-0.0609051149214572,-0.00642237114364885,0.149523815259324,-0.0328955555577184,0.115978255117525,-0.0639471517532204,-0.0728861466825732
"2013-09-01",0.0182652868067952,-0.0151426143352622,0.00342264318624164,0.0336806370162015,0.0584899587494343,0.0203807248520134,0.0226974567062048,0.0107413827966782,0.0931736509755576,-0.0018138187564567,0.0180933860135761,-0.0299731983332681,-0.0229237795204491,0.0584273856356416,0.104406309951023,0.0853633451900571,0.126897388073122,0.0550415789785199,0.0695152802943979,-0.00604525843304504
"2013-10-01",0.0659950437581496,0.0920150665801955,0.0620373995192138,0.162613750474208,-0.02406629519577,0.0138234415738685,-0.00290621958957527,0.0660582584471543,0.0287303290924243,-0.0441521397843614,0.0317890879150609,0.066033588277965,0.0129456836130353,0.0616363041440335,0.0637971607956649,0.0420204523271819,0.0429606867897574,0.027549966146073,0.057875623780471,0.040766181247692
"2013-11-01",0.0333256266173496,0.0618865666442736,0.0740077289024317,0.0277602928085376,0.0266335033755967,0.0124343409488592,0.111885623241724,0.0218945381813516,0.0339421796337138,0.0872067061592299,0.0350687488521322,0.0498623209681481,0.124362476270435,0.0280332455231305,0.0600597554948745,0.126045632513595,0.0461342629615937,-0.024088418359328,0.0465864797593278,0.0421688873776294
"2013-12-01",-0.0275705857686628,0.0146840053951807,-0.0115084566892474,0.0560803365387357,0.0319682577634872,0.017270400845887,0.0217809954627231,-0.0260127423636956,0.0922856125885421,0.01094958472562,0.0204905928794794,-0.0339339685390154,-0.0159288880327568,0.0798027938509831,0.0935988518379292,0.00645809082346505,0.0531584478430203,0.0578087578820283,0.041247298488071,0.08613245272943
"2014-01-01",-0.00753723817250096,-0.113949299035692,0.0114289522557653,0.0523737609159758,-0.0201772332228931,-0.0604981046811579,-0.0548272221736212,-0.034658577189342,-0.0330996452410504,-0.03712773482349,-0.0641007709263297,-0.060639918495264,0.0736960963156128,-0.0386099215648992,-0.0988835750833124,0.10597690638593,-0.0115899918877922,0.0923573371682433,0.0503884539794419,-0.0935725707539588
"2014-02-01",0.0547247724102453,0.0499500631030085,0.0123444773270034,0.0289427613756064,0.157602412696681,0.0367707918330993,0.0325503987776838,0.0404285701725842,0.0476332889980244,0.0667578766770038,0.065229869587327,0.0338128526015584,-0.0132214818667764,0.106997953346036,0.0279302407283684,0.0849673395841561,0.147977131399174,0.0299452836758816,-0.0520186871121942,0.0436306095690959
"2014-03-01",0.00861541337374083,0.025724897085611,0.0750876871393662,-0.0863761364293016,-0.021398984889454,0.0763818901581024,0.0662198570057635,0.0713899440114982,-0.0438384520965842,0.0592916348190169,-0.0359929576534235,0.0243638509684816,0.0397325631373824,-0.00919941796326551,-0.0396328120338216,-0.235772621935392,-0.043022181159472,-0.088455400763638,-0.0324414375125519,0.0215979512126747
"2014-04-01",-0.0264995968931552,0.0947606110980588,-0.0144982709597419,-0.0559562014929158,0.0307886841379652,0.0305752662018657,-0.0811141367304797,0.0306758226499007,-0.063347055877168,-0.0849693317677414,0.0105263993792892,0.0239056492607181,-0.126971141229131,-0.00915891928795975,-0.0155143700210134,-0.089040653169465,-0.0635857147805474,-0.100138747540611,0.0383450439129644,0.0472874771902774
"2014-05-01",-0.0541918766386833,0.0701956709193086,0.0132777564622901,0.0611851953395219,0.0282912398158295,-0.00396602067959329,-0.00106784652393843,0.00167706912256538,0.0585638602879466,0.0593695630772029,0.00901439869010456,-0.0135932260413201,0,0.0571935962003982,0.0401964246061475,0.260398863954138,0.0451633798488551,0.0187960945521688,0.00846525650002183,-0.0185284031663135
"2014-06-01",0.0105598116738346,0.0328558542624067,0.0254231875138409,0.0271165417553707,-0.0199130241503223,-0.0139664790590954,0.0362264847302538,0.0376151505188238,-0.0174761488492923,0.0262749202101755,0.00905763628708822,-0.0276088583920302,0.0150771914630741,0.0203836295846846,-0.0397596134389069,0.0530627853603205,0.114368468152784,0.0985350823824778,0.027958112988236,0.00825741749722386
"2014-07-01",-0.0335761053769454,0.0283262848625485,0.0344128946812292,-0.0064175087324152,-0.0577296310667357,-0.00896864825921906,0.000867160784832954,-0.0442650013430042,0.00142262603465637,-0.00391105164142669,0.00447154958165363,-0.0162913891908749,-0.00719482251306625,0.00163123402794429,0.0092126334677749,-0.0414273713191031,-0.0439305238945771,-0.0682184096223946,0.00509624166446931,-0.0174336100855159
"2014-08-01",0.0325411153880388,0.0696898715747309,0.0512587675581835,0,0.105645768484584,0.0900562439200199,0.0373648752104705,0.0357217618635213,0.00713057487649182,0.0671564899341952,0.145365608904007,0.0801686047801642,0.0536186321222045,0.0455245973421929,0.0235746578198448,0.122147235171087,0.0375531408817906,0.0854587155193105,0.0182575763588142,0.00524185786033904
"2014-09-01",0.00610609727512479,-0.0122584193381012,0.026490841186666,0.0100265748100732,-0.0483685847572619,0.00646357885283244,0.0132009322276812,0.0339393800823187,0.00589570670865358,-0.00497270562416219,-0.0190029438074824,0.00755164063956215,0.0579519806549231,-0.0095020064600897,-0.0252466009820775,-0.0569909207143189,-0.0384199071529832,-0.0267551782832269,-0.0173277509853382,-0.0489868209458226
"2014-10-01",0.0127685101119503,0.0694887515052898,0.0126459792515106,-0.0321734004248064,0.0573993796520613,0.0145169940736727,0.00397601838852601,0.011102436204232,0.123551712851157,0.10097531371643,0.0661384857738456,0.0412898409095614,0.00950874847472116,0.0260531479197095,0.124852897724088,-0.138642147030842,0.0133517204265159,0.106420317724858,0.0329319157518357,0.0278902771888641
"2014-11-01",0.0392849642643882,0.0964038598085959,0.0181519156003342,-0.0313402561892304,0.0706290317023575,0.059078964812425,0.00140977983276525,0.0043511950949906,0.067116131600006,0.0373933937015023,0.0190946609287597,0.0432104118848553,-0.00701748532616886,0.0122901757533294,0.0428771905717671,-0.125081717111776,0.0495232968661883,-0.0665513202848249,0.0300763804750388,-0.065925201595765
"2014-12-01",0.00862374384616027,-0.0702793612887329,-0.0225710047610184,-0.028890939593134,-0.0406404847846493,0.00977113565131393,0.039438154620314,-0.0280950533537716,0.0173359432528466,0.0246358395206299,0.0545225986284708,0.00727184540497916,0.0486785145281505,0.017997315330323,-0.0130298589799933,-0.0144727329732319,-0.0133900535268978,-0.00939757809159047,0.0168623968074977,0.028070069537347
"2015-01-01",0.00320509615598086,0.0596116415084889,-0.139546868832305,0.0153077594512609,-0.0433188682724563,-0.0424466241505819,-0.140449174815109,-0.0432873985585571,-0.0281970209528675,0.0535471573846813,-0.000489052531376544,-0.0775846598930157,-0.163321929128557,-0.0222643021343671,-0.0491216077376375,0.257187512379287,-0.0359907191773958,-0.0494226448941104,-0.0874970558529982,-0.0559434618925287
"2015-02-01",0.093709072449204,0.0920770069912455,0.0819446317441779,0.0437064111529391,0.13885560814298,0.0240297152729037,0.125869356827686,0.0233910183036663,0.062351556908065,0.0671525207073289,0.0943348494706386,0.0170031102727677,0.0426424772771314,0.13474010208033,0.0960960151958714,0.0722680159890947,0.120362232098437,0.2062432978431,0.114770257710573,0.0127301362424834
"2015-03-01",0.0223845695677731,-0.0279353857273934,-0.0684383447712174,-0.0188002432994239,-0.0487391115368969,-0.0211847378380403,-0.0114884971415372,-0.0118323716438855,-0.0344764759073888,0.0401917442992383,-0.0099844550643482,-0.0381922426841763,-0.0269249538917657,0.00775224555156573,-0.0423813589322624,-0.130782769524275,-0.0674588689558693,-0.0377458685592265,-0.0502479243290384,-0.0333042169833986
"2015-04-01",-0.0250304031219954,0.00576973778027146,0.179201499502365,-0.0169025048606035,0.0589085436495742,-0.0217849154377383,0.0432880422403055,-0.0140142021488403,0.00973661821498695,-0.056671799086601,-0.0549968704217738,-0.0301044802222741,0.0376082625062364,0.0358636550156204,0.0432683344909313,0.289324652260539,0.028268483874454,0.0861379051616051,0.0270658670696462,0.027500881734837
"2015-05-01",0.0238800808056978,0.0401728013559524,-0.0372818961247456,-0.00978085549439189,-0.00315820063200123,0.01259643863348,0.0456875898541038,0.00943109512416296,0.0390462395086919,0.0761131605998226,0.0406647568860965,-0.00617504848110606,0.0351563953921143,0.0150624812332367,0.0243042384760832,0.114579342965364,0.0390639278265725,-0.000961732504861423,0.0120462276887667,-0.0251505763515549
"2015-06-01",-0.0274989604963656,-0.0337698846119689,-0.0530934094172508,-0.0220411324012644,-0.0910986431795262,-0.0493812434316725,0.0296560522848721,-0.0198615893008993,-0.0207809259638925,0.0147804000692,-0.00260611208197314,-0.00191558595463626,0.0310285967239645,0.0335873758994918,0.0131370773364976,0.051346180148756,0.0239862319840993,-0.0438334365425304,0.0283325378599635,-0.0155173339457173
"2015-07-01",0.0727440587534858,-0.0334809246398828,0.0561513403067027,0.183918111973443,-0.00798796619039166,0.047561445198391,0.0112996262864442,0.0278264439636917,0.115082199478532,-0.000703488655940276,0.0570268719505984,-0.019879237514461,0.0522888237061396,0.050066004221212,0.0410784286212111,0.197231489905515,0.0120246323409576,0.0513651810173368,0.0411388907016068,-0.0491444398592389
"2015-08-01",-0.112597096452656,-0.0730052127813821,-0.0705237328273252,-0.0118342681869863,0.119396725074802,-0.0628866192460515,-0.0603126898389506,-0.0641862458859785,-0.0551144407381825,-0.0480902019322222,-0.00488250639402477,-0.0737256344269657,-0.0900669316325922,-0.157896917843402,-0.0513295876499607,0.00627891861595664,-0.0426073192497132,-0.055250309254359,-0.102497978617355,-0.051419952342969
"2015-09-01",-0.0176768714920019,-0.0175415278670723,0.0234330958224183,-0.0160275013364153,0.0963492284314496,-0.0275316100941243,-0.0500621719755059,0.000894696846385656,-0.0216332088420126,0.00267591879587936,-0.00836369328092612,0.0178119215191073,-0.0476280753590959,0.00313604107137522,-0.0246605580782564,-0.107942853156494,0.0454086530129185,0.00100871388857815,0.00971639143303626,-0.00258615826324249
"2015-10-01",0.0739262653548467,0.0801126945911594,0.173395244688564,0.155539765463233,0.140555576453076,0.0421953624715776,0.0523995952465031,0.0790615526964693,0.107683552169234,0.0194583687621677,0.0732690565323741,0.0598881626806271,0.0774141611437704,0.106983436747556,0.0938770098857091,0.0483934446564369,0.075410274305475,0.112664882279191,0.0961411152519869,0.106919491930362
"2015-11-01",-0.0315389634732366,-0.0100928768054671,0.0319684595794283,0.0437523876412356,0.111615143785204,-0.0142907761773081,0.0443129091378527,0.00207622555605269,0.0182648809882808,-0.044000385542958,0.0795696056058759,-0.0114205828897163,0.0380049812916137,-0.00237670988864558,-0.00916307848759512,0.129220159628868,0.0310928375977717,0.0251602006061322,-0.0242423051900542,-0.0131389732465976
"2015-12-01",-0.00702661961845941,-0.112518635401049,0.0272954897729281,0.0216860980536211,0.0421376507487334,-0.0154063328429501,-0.00979584554974622,0.0218577843594474,-0.0168562379029922,0.042810954842972,-0.0122496673339567,0.0592716974735383,-0.0350298693381168,-0.0768164002215332,-0.00573554384087771,-0.0753374899503001,0.0267545983680746,-0.0163201912268471,-0.0755749508802603,-0.0378171141867378
"2016-01-01",-0.0570488634412771,-0.0782236747785907,-0.007054356439673,-0.0212149455068831,-0.118048845571032,-0.017341170465297,-0.104133031632658,0.0166058490513503,-0.0402577649460394,-0.0169965618750867,-0.0459020408414696,0.0283074647246142,-0.171343779676693,-0.0858607874394757,-0.0894416136861818,-0.219478321778016,-0.0525603592606796,-0.141434313617726,-0.0128414277706925,-0.00128352395274867
"2016-02-01",-0.0272625589384621,-0.00670009745819522,-0.0794980392526377,-0.0627391813665148,0.0682871951413659,0.0333439532826345,-0.0485957337850587,0.00734583986203141,-0.028596392163311,0.0336407309634374,-0.0131266582832392,-0.00860858280481036,-0.121680252020315,-0.00313572291423103,-0.0219832127044501,0.0169505523930678,-0.0456815222985743,-0.00456517344156726,0.0400571898954882,0.0291164291090427
"2016-03-01",0.00899199359391467,0.125157930955696,0.0891904234243754,0.0654275972125857,0.131291500588823,0.0558740253654006,0.0505646641563833,0.0352437501082212,0.0569317569891963,0.0790735910205154,0.072328207921962,0.0248476900515655,0.0768428066078606,0.0389105737960564,0.083611763494722,0.0902267645165526,0.0967504635183198,0.0859407181122211,0.0564078077283878,0.0510590163446176
"2016-04-01",0.09855601315263,-0.150731295214012,-0.102086627774141,-0.0722726736927291,-0.00281129657785595,0.0250569264302509,0.0650450951101345,0.0352316742084309,0.00988803224457957,0.0254559377048889,0.00892547342583683,-0.0269671914301375,0.0779058245076598,0.0390038086387525,0.0260078046845971,-0.127082275044454,0.00446759768086569,0.0263331550369506,-0.0052528134158818,0.0559477876088712
"2016-05-01",0.0590588050166576,0.0632442874000976,0.0608722222132516,0.0598051272718858,0.273795521032472,-0.034546492758639,0.0396043709696596,0.00542763965114812,0.0217709467820617,0.0149994808460772,-0.0133078230563459,0.0195757566229791,0.0156733286954087,-0.0399105290136648,-0.00928589872264673,0.13040255478249,0.0542236172086197,0.0992601008260898,0.0454082949623391,0.00698912617491931
"2016-06-01",0.0235055229897725,-0.0375263060931612,-0.0281684287787929,-0.061119151862286,0.0087812410098409,0.0297922724315214,-0.0491424324464478,0.0807405745701528,-0.0605594288156235,0.0548032509544933,-0.0289403255072642,0.0438185663241768,-0.108445599513698,-0.0142105044694576,-0.0852878221080244,-0.114425083493628,-0.0376977984839444,-0.0527340827114768,0.0294208054698886,0.0600332722115757
"2016-07-01",0.0466104666132789,0.0862351151946394,0.102268156758012,0.105087381087012,0.194443839169753,-0.00359779685161943,0.0290244014123435,0.0318851555943098,0.0509900526866502,0.0186084238091757,0.079385850335937,0.0108070788345076,0.0913393088386667,-0.01930172278729,0.0783817849220494,-0.00251741338779876,0.021379587145514,0.0296529298926584,0.0311108008725878,-0.0524506833448495
"2016-08-01",-0.0583230266906947,0.0179740641518706,0.0136675382548797,-0.00226580954440925,0.0716280569406544,0.04221009972846,0.0614676471476896,-0.0481756078700846,0.0358639801233762,-0.0512196311497943,-0.0302567908188935,0.027702212632601,0.107841900219247,-0.00841289760185138,0.0166448251943523,0.0657364021748288,0.0444695039300518,-0.0295270782684831,-0.0258104246925406,-0.0205583441934083
"2016-09-01",-0.0188095106770132,0.0688507783372057,0.00864686871660458,0.0132614510465374,0.112534609635413,-0.0408247913096647,-0.0135731423067309,-0.00354191992557862,0.02373981510733,0.0286198461850207,-0.0362909226553692,0.0275628851370087,-0.0261866373757744,-0.0170834268312179,0.0518259056690002,0.0112246699278931,0.0591113810421726,-0.107433180687633,0.0164140569473061,0.0100967687722484
"2016-10-01",-0.0658977942185111,0.0043250542523805,0.0394876682003815,0.00928412589589689,0.0378053638361457,-0.00117739506228887,0.0393131275406136,-0.0182816848744602,-0.00229984989138643,0.0140623480845825,-0.0532255661850751,-0.0334211816152532,0.0528896882118564,-0.00183250005134639,0.0503005416238285,0.236709153557262,-0.00953489070298996,0.0523022013093062,-0.0705662608456201,-0.0464326584292367
"2016-11-01",0.0134694505155961,-0.0269590383351246,0.00565799094960884,-0.0343614231336042,0.259029063538978,0.0871499618823153,0.153525083514885,-0.0412744608130584,-0.0649670262503088,0.113520759187345,0.0588051702834047,-0.0436024925583993,0.246860114906539,0.0670706275017485,-0.0442054509501766,-0.0650992833248285,-0.0447012855593503,-0.0429531042533879,0.121397861600234,0.046661582845597
"2016-12-01",0.0204471300320974,0.0519621358877251,0.0374546795580679,0.0180151859655142,0.147931793078794,0.0345830188665976,0.0735642621395751,0.0414136648878136,0.0111148617538657,0.0147792772880839,0.0408242545360933,0.0194554577268224,0.0490603729402981,0.0501728856498058,0.0102218524142605,0.0564934501034484,0.00136080302284203,-0.0504164992871878,-0.00664014760395482,0.0421597313469331
"2017-01-01",-0.023361797195927,0.0466416231188491,0.0395980305148944,0.0318398147785013,0.0226021211035987,0.00709225080564391,-0.0194249485298181,-0.0171587969574665,0.0583750723412226,0.0127896776946894,0.0257688556668167,0.0410124213911391,0.0241405298290167,0.0675452421975136,0.0293940599563767,0.128033697613174,0.0965015808408936,0.144463235754236,0.0921730451790368,-0.0731877635068878
"2017-02-01",0.0726212341243873,0.121229210827357,-0.0104177002410486,0.0326201550672698,-0.0731360555046616,0.0433969563059655,0.073904274923426,0.0761431293283179,0.0613144680765885,0.0200325869071598,0.0519074330835014,0.0467413134882726,0.0862749848448732,-0.00507395211436723,0.0401761042761528,0.0100410835910933,0.0428168216313027,0.0280479594249812,-0.00772002711440356,-0.0311143626751669
"2017-03-01",0.0127703719089123,0.0518676393169586,0.0350051329098706,0.00768413341371055,0.0721048446247612,-0.0280409121765954,-0.0311580981829476,0.0255616438111215,0.0124214488122174,-0.00831871350421043,0.0131623804824086,-0.0134867372713225,-0.045170262817217,0.0295350791807829,0.018033194720271,0.0391854826013169,0.0949721820083509,0.0139162330677136,0.0045328963706992,0.0175518477483125
"2017-04-01",-0.00851306315704692,-6.98397257683503e-05,0.0387182717058296,0.0880997071727414,-0.0434342386427242,-0.00885833003157277,-0.00960895109299731,-0.00870910218393739,0.0260994287582763,0.0678931924408195,0.0672889120888334,-0.0284476913190286,-0.00761061657820283,0.0193027504979728,0.0336583296409438,0.0292677766698253,0.0273636693880492,0.0430646564128629,0.041683330485029,-0.00439966711112394
"2017-05-01",-0.0381602231829241,0.0614882879329754,0.0199571522866302,0.0629878513578328,0.324969641903142,0.000423565404779502,-0.0516316715654082,0.0379832605160715,0.0430210228718355,0.00171394409316949,-0.0167311388353317,0.0162931702016555,-0.0406617536565448,-0.0685604540268381,0.056827925960679,0.0689841760111394,0.0589430023771458,0.0400599377351458,0.0660518743389868,-0.0141844501580799
"2017-06-01",0.0380164830069791,-0.0547966123316241,-0.00739962368724267,-0.0599349812843593,0.00250603703377461,0.0244446440881037,0.106698385041673,0.0376244111284931,-0.0135704403901329,0.056809827782085,0.00504550661831171,-0.0107284628903308,0.0826008391687125,-0.0157807787637596,-0.0117056484715121,-0.0874853720142896,-0.00296504392602692,-0.0345018441752662,-0.0687528989538628,0.0122521417678936
"2017-07-01",-0.012883973220593,0.0321802744775153,0.0532500835929977,0.0236740764370631,0.117045293218668,0.0325288955594063,0.00436678642365962,0.00324527429169486,0.0598087525235922,0.0380027737008106,-0.0250839725685568,0.0412490986103888,-0.00578742397627519,0.0340490440628169,0.0509639456569868,0.195442598859744,0.0350815880898319,0.0473595212683744,0.0426313967416534,-0.00858393696545434
"2017-08-01",0.0226605143005707,0.0977338696044061,0.0280750039077082,0.00944473199389417,0.0417591687020358,0.0347661012696205,-0.00447677662273627,-0.0026405618471399,0.0390044047405995,0.0362967556371405,0.0018030652812584,0.0236541680498465,-0.0095815711895737,-0.0753334616418151,0.0439589166228167,-0.0390093333182184,0.0574996619336767,0.0503621883739482,0.00394794410268062,-0.0474605032456985
"2017-09-01",0.0608664822524085,-0.0582156431720815,0.00156168705283743,0.0208389627028542,0.0544814661872661,0.0118526606913205,0.0495807723126402,-0.0116486281035373,0.018087594081786,-0.0154530323638742,0.0933079447915732,-0.0140796178712241,0.0640262314943385,-0.0263318036732745,0.0575753477262717,0.0373014044699218,-0.0393032847434185,-0.0219160721171443,-0.0538757214953129,0.0810556324960379
"2017-10-01",-0.0180897835115759,0.0924038068670008,0.110342360131498,0.0582525619138075,0.145700200777183,0.0195544232201641,0.0520210353727464,0.0698079734606081,0.0440551938457023,0.074593477028646,0.0134817322956975,-0.0523464164119272,0.0777939990607988,-0.00774015756361113,0.0522238233855177,0.0798771970746124,0.160546281409925,0.0911951321194726,-0.0657869044527004,0.0165732652779216
"2017-11-01",0.0336544879693808,0.016486745209642,0.0118313862774313,0.00468092780583929,-0.0299392351386536,0.0319542497593241,0.0439550988228321,-0.000573868843064318,0.0234541202787746,0.0819362480934078,0.08129465298504,0.0488712879868851,0.0280794888707465,0.0692177677135009,0.012911754987317,-0.0461006656172707,0.0353904946732602,0.0191625276597698,0.0452248443675578,-0.000720309717435086
"2017-12-01",0.00799215377197982,-0.0117749680491492,0.0211554647096257,0.024171681574396,-0.0358890487947203,0.0266355585632869,0.0228894692526307,0.00890014559850183,0.0143913660139487,-0.0310038864680848,0.0576442664981558,0.0207846531438856,0.0510627359897033,0.025339419137075,0.00589746487021348,0.0230816211231364,-0.0349338632214646,-0.0202378856469698,0.0647217966991049,0.0134055363865944
